{
    "node": [
        [1, 0.984675, -0.500172, 0, 0, 0.3, 0.18, 1, 0, 0],
        [2, 0.964798, -6.450306, 0, 0, 0.55, 0.13, 1, 0, 0],
        [3, 1.1, 6.732347, 0.5, 0, 0, 0, 2, 1, 1],
        [4, 1.05, 0, 0.367883, 0.264698, 0, 0, 0, 0, 0]
    ],
    "lines": [
        [1, 1, 2, 0.1, 0.4, 0.01528, 1, 0.246244],
        [2, 1, 3, 0, 0.3, 0, 1.1, -0.500001],
        [3, 1, 4, 0.12, 0.5, 0.0192, 1, -0.0446244],
        [4, 2, 4, 0.08, 0.4, 0.01413, 1, -0.31001]
    ]
}