{
    "node": [
        [1, 0.984675, -0.500172, 0, 0, 0.3, 0.18, 1, 0, 0],
        [2, 0.964798, -6.450306, 0, 0, 0.55, 0.13, 1, 0, 0],
        [3, 1.1, 6.732347, 0.5, 0, 0, 0, 2, 1, 1],
        [4, 1.05, 0, 0.367883, 0.264698, 0, 0, 0, 0, 0]
    ],
    "lines": [
        [1, 1, 2, 0.1, 0.4, 0.01528, 1, 0.246244, 0.006254],
        [2, 1, 3, 0, 0.3, 0, 1.1, -0.500001, -0.000001],
        [3, 1, 4, 0.12, 0.5, 0.0192, 1, -0.0446244, 0.001972],
        [4, 2, 4, 0.08, 0.4, 0.01413, 1, -0.31001, 0.009656]
    ],
    "SIJ": [
        [0.0, 0.246244, -0.500001, -0.046244],
        [-0.23999, 0, 0, -0.310010],
        [0.5, 0, 0, 0],
        [0.048216, 0.319666, 0, 0]
    ],
    "node1": [[1, 1.06, 0, 1.24, -0.05, 0.0, 0.0, 0, 1, 0],
     [2, 1.02, -4.88, 0.0, 0.0, 0.45, 0.15, 1, 0, 0],
     [3, 1.02, -5.21, 0.0, 0.0, 0.4, 0.05, 1, 0, 0],
     [4, 1.05, -2.65, 0.45, -0.03, 0.2, -0.2, 2, 1, 1],
     [5, 1.02, -6.01, 0.0, 0.0, 0.6, 0.1, 1, 0, 0]
    ],
    "lines1": [[1, 1, 2, 0.08, 0.24, 0.025, 1, 0.3993, 0.0115],
     [2, 1, 4, 0.06, 0.06, 0.03, 1, 0.845, 0.0127],
     [3, 2, 3, 0.01, 0.03, 0.01, 1, 0.18469999999999998, 0.0003],
     [4, 2, 4, 0.06, 0.18, 0.02, 1, -0.2505, 0.0036],
     [5, 3, 4, 0.06, 0.18, 0.02, 1, -0.2822, 0.0045],
     [6, 3, 5, 0.08, 0.24, 0.025, 1, 0.062, 0.0003],
     [7, 4, 5, 0.04, 0.12, 0.015, 1, 0.5496, 0.0113]
    ]
}