{
    "node": [
        [1, 1 , 0 , 6.14933 , 1.95138 , 0 , 0],
        [2, 0.99555 , -11.7319 , 6 , 3.6 , 0 , 0 ],
        [3, 1 , -27.1476 , 3.1 , 2.5691 , 0 , 0],
        [4, 1.01568 , -22.5969 , 1.6 , 0.7 , 0 , 0 ],
        [5, 1.04217 , -30.9118 , 4.3 , 3.34 , 0 , 0],
        [6, 1 , -40.1537 , -0.01 , 0.70155 , 0 , 0 ],
        [7, 1 , -11.4909 , 2.25 , 0.32119 , 0 , 0 ],
        [8, 1 , -11.3848 , 3.06 , 0.4354 , 0 , 0 ],
        [9, 0.99583 , -19.848 , 0 , 0 , 3.76 , 2.21 ],
        [10, 0.99538 , -19.4072 , 0 , 0 , 0 , 0 ],
        [11, 1.02663 , -23.3545 , 0 , 0 , 0  , 0],
        [12, 1.02027 , -30.5567 , 0 , 0 , 0 , 0 ],
        [13, 1.01068 , -37.3345 , 0 , 0 , 0 , 0 ],
        [14, 0.99632 , -29.6434 , 0 , 0 , 0 , 0 ],
        [15, 0.99645 , -29.529 , 0 , 0 , 0 , 0 ],
        [16, 1.00114 , -40.4164 , 0 , 0 , 5 , 2.3 ],
        [17, 0.97636 , -40.1339 , 0 , 0 , 0 , 0],
        [18, 1.005 , -40.4382 , 0 , 0 , 4.3 , 2.2],
        [19, 1.00121 , -28.5213 , 0 , 0 , 0.864 , 0.662],
        [20, 1.0098 , -37.0675 , 0 , 0 , 0.719 , 0.474 ],
        [21, 1.00482 , -30.9726 , 0 , 0 , 0.7 , 0.5 ],
        [22, 1.04157 , -29.4213 , 0 , 0 , 2.265 , 1.69],
        [23, 0.98316 , -19.8161 , 0 , 0 , 2.87 , 1.44 ],
        [24, 1.04823 , -5.428 , 0 , 0 , 0 , 0 ],
        [25, 1.02667 , -23.3753 , 0 , 0 , 0 , 0 ],
        [26, 1.02028 , -30.5359 , 0 , 0 , 0 , 0 ],
        [27, 1.02025 , -30.5828 , 0 , 0 , 0 , 0 ],
        [28, 1.01078 , -37.3081 , 0 , 0 , 0 , 0],
        [29, 1.00112 , -40.4295 , 0 , 0 , 5.2 , 0.1 ],
        [30, 1.01562 , -17.199 , 0 , 0 , 0 , 0 ],
        [31, 1.01559 , -17.1987 , 0 , 0 , 0 , 0 ],
        [33, 1.01554 , -17.2154 , 0 , 0 , 0 , 0 ],
        [34, 1.00111 , -40.4129 , 0 , 0 , 0 , 0 ],
        [50, 1.005 , -40.4382 , 0 , 0 , 0 , 0 ],
        [51, 0.99538 , -19.4072 , 0 , 0 , 0 , 0 ],
        [52, 0.99645 , -29.5293 , 0 , 0 , 0 , 0]
    ],
    
    "lines" : [
        [10 , 9, 22, 0.0559 , 0.218 , 0.1954 , 1 ],
        [11 , 9, 23, 0.0034 , 0.0131 , 0 , 1 ],
        [12 , 9, 24, 0.0147 , 0.104 , 0 , 1 ],
        [14 , 11, 25, 0 , 0.0001 , 0 , 1 ],
        [16 , 12, 26, 0 , 0.0001 , 0 , 1 ],
        [17 , 12, 27, 0 , 0.0001 , 0 , 1 ],
        [19 , 13, 28, 0 , 0.0001 , 0 , 1 ],
        [21 , 14, 19, 0.0034 , 0.02 , 0 , 1 ],
        [23 , 16, 18, 0.0033 , 0.0333 , 0 , 1 ],
        [24 , 16, 19, 0.0578 , 0.218 , 0.1887 , 1 ],
        [25 , 16, 20, 0.0165 , 0.0662 , 0.2353 , 1 ],
        [26 , 16, 21, 0.0374 , 0.178 , 0.164 , 1],
        [27 , 16, 29, 0 , 0.0001 , 0 , 1 ],
        [28 , 19, 21, 0.0114 , 0.037 , 0 , 1],
        [29 , 19, 30, 0.0196 , 0.0854 , 0.081 , 1 ],
        [30 , 20, 22, 0.0214 , 0.0859 , 0.3008 , 1 ],
        [31 , 21, 22, 0.015 , 0.0607 , 0.2198 , 1 ],
        [32 , 22, 23, 0.0537 , 0.19 , 0.1653 , 1 ],
        [33 , 23, 24, 0.0106 , 0.074 , 0 , 1 ],
        [34 , 25, 26, 0.0033 , 0.0343 , 1.8797 , 1 ],
        [35 , 27, 28, 0.00245 , 0.0255 , 1.395 , 1 ],
        [36 , 16, 16, 0 , -1 , 0 , 1 ],
        [37 , 18, 50, 0 , 0.001 , 0 , 1],
        [38 , 25, 25, 0 , 0.7318 , 0 , 1],
        [39 , 26, 26, 0 , 0.7318 , 0 , 1],
        [40 , 27, 27, 0 , 0.7318 , 0 , 1 ],
        [41 , 30, 31, 0 , 0.0001 , 0 , 1 ],
        [42 , 29, 34, 0 , 0.0001 , 0 , 1 ],
        [43 , 31, 33, 0 , 0.0001 , 0 , 1 ],
        [1 ,  1, 24, 0 , 0.015 , 0 , 1.07 ],
        [2 ,  2, 9, 0 , 0.0217 , 0 , 1.07 ],
        [3 ,  3, 22, 0 , 0.0124 , 0 , 1.07 ],
        [4 ,  4, 19, 0 , 0.064 , 0 , 1.02 ],
        [5 ,  5, 18, 0 , 0.0375 , 0 , 1.07 ],
        [7 ,  7, 30, 0 , 0.0438 , 0 , 1.02 ],
        [8 ,  8, 31, 0 , 0.0328 , 0 , 1.02]
    ]
}